{
"lengthUnit": "mil",
"remark": [],
"components": {
	"fields": ["COMPONENT_NO", "COMPONENT_NAME", "LAYER", "X_COORDINATE", "Y_COORDINATE", "ANGLE"],
	"rows": [
		[1, "C1", "T", 2575, -685, 90],
		[2, "C2", "T", 3650.4, -470, 0],
		[3, "C3", "T", 3960, -765, 0],
		[4, "C4", "T", 3965, -895, 0],
		[5, "C5", "T", 3650, -605, 0],
		[6, "C6", "T", 3647.3, -737.7, 0],
		[7, "C7", "T", 3962.7, -1032.7, 0],
		[8, "C8", "T", 3350, -465, 90],
		[9, "D1", "T", 2025, -435, 0],
		[10, "R1", "T", 2355, -775, 90],
		[11, "R2", "T", 2185, -710, 0],
		[12, "R3", "T", 2185, -580, 0],
		[13, "R4", "T", 2185, -840, 0],
		[14, "R5", "T", 2355, -645, 90],
		[15, "U1", "T", 3015, -765, 0],
		[16, "USB1", "T", 3830, -1385, 0],
		[17, "USB2", "T", 2955, -360, 180],
		[18, "USB3", "T", 2035, -1385, 0],
		[19, "USB4", "T", 2585, -1120, 0],
		[20, "USB5", "T", 3280, -1120, 0],
		[21, "X1", "T", 1980, -820, 270],
		[22, "PAD1", "T", 2355, -765.49, 0],
		[23, "PAD2", "T", 2355, -784.51, 0],
		[24, "PAD3", "T", 2902.5, -661.63, 0],
		[25, "PAD4", "T", 3027.5, -661.63, 0],
		[26, "PAD5", "T", 3052.5, -661.63, 0],
		[27, "PAD6", "T", 3077.5, -661.63, 0],
		[28, "PAD7", "T", 3102.5, -661.63, 0],
		[29, "PAD8", "T", 3127.5, -661.63, 0],
		[30, "PAD9", "T", 3152.5, -661.63, 0],
		[31, "PAD10", "T", 3177.5, -661.63, 0],
		[32, "PAD11", "T", 3177.5, -868.37, 0],
		[33, "PAD12", "T", 3102.5, -868.37, 0],
		[34, "PAD13", "T", 3077.5, -868.37, 0],
		[35, "PAD14", "T", 3052.5, -868.37, 0],
		[36, "PAD15", "T", 3027.5, -868.37, 0],
		[37, "PAD16", "T", 3002.5, -868.37, 0],
		[38, "PAD17", "T", 2977.5, -868.37, 0],
		[39, "PAD18", "T", 2952.5, -868.37, 0],
		[40, "PAD19", "T", 2927.5, -868.37, 0],
		[41, "PAD20", "T", 2902.5, -868.37, 0],
		[42, "PAD21", "T", 2877.5, -868.37, 0],
		[43, "PAD22", "T", 2852.5, -868.37, 0],
		[44, "PAD23", "T", 1853.74, -435, 0],
		[45, "PAD23", "B", 1853.74, -435, 0],
		[46, "PAD24", "T", 2196.26, -435, 0],
		[47, "PAD24", "B", 2196.26, -435, 0],
		[48, "PAD25", "T", 3704.015, -1291.495, 0],
		[49, "PAD26", "T", 3735.515, -1291.495, 0],
		[50, "PAD27", "T", 3800.475, -1291.495, 0],
		[51, "PAD28", "T", 3820.155, -1291.495, 0],
		[52, "PAD29", "T", 3839.845, -1291.495, 0],
		[53, "PAD30", "T", 3859.525, -1291.495, 0],
		[54, "PAD31", "T", 3924.495, -1291.495, 0],
		[55, "PAD32", "T", 3955.985, -1291.495, 0],
		[56, "PAD33", "T", 3080.985, -453.505, 0],
		[57, "PAD34", "T", 3049.485, -453.505, 0],
		[58, "PAD35", "T", 2984.525, -453.505, 0],
		[59, "PAD36", "T", 2964.845, -453.505, 0],
		[60, "PAD37", "T", 2945.155, -453.505, 0],
		[61, "PAD38", "T", 2925.475, -453.505, 0],
		[62, "PAD39", "T", 2860.505, -453.505, 0],
		[63, "PAD40", "T", 2829.015, -453.505, 0],
		[64, "PAD41", "T", 1909.015, -1291.495, 0],
		[65, "PAD42", "T", 1940.515, -1291.495, 0],
		[66, "PAD43", "T", 2005.475, -1291.495, 0],
		[67, "PAD44", "T", 2025.155, -1291.495, 0],
		[68, "PAD45", "T", 2044.845, -1291.495, 0],
		[69, "PAD46", "T", 2064.525, -1291.495, 0],
		[70, "PAD47", "T", 2129.495, -1291.495, 0],
		[71, "PAD48", "T", 2160.985, -1291.495, 0],
		[72, "PAD49", "T", 2447.2, -1066.655, 0],
		[73, "PAD49", "B", 2447.2, -1066.655, 0],
		[74, "PAD50", "T", 2545.63, -1066.655, 0],
		[75, "PAD50", "B", 2545.63, -1066.655, 0],
		[76, "PAD51", "T", 2624.37, -1066.655, 0],
		[77, "PAD51", "B", 2624.37, -1066.655, 0],
		[78, "PAD52", "T", 2722.79, -1066.655, 0],
		[79, "PAD52", "B", 2722.79, -1066.655, 0],
		[80, "PAD53", "T", 2326.34, -1173.345, 0],
		[81, "PAD53", "B", 2326.34, -1173.345, 0],
		[82, "PAD54", "T", 2843.66, -1173.345, 0],
		[83, "PAD54", "B", 2843.66, -1173.345, 0],
		[84, "PAD55", "T", 3142.2, -1066.655, 0],
		[85, "PAD55", "B", 3142.2, -1066.655, 0],
		[86, "PAD56", "T", 3240.63, -1066.655, 0],
		[87, "PAD56", "B", 3240.63, -1066.655, 0],
		[88, "PAD57", "T", 3319.37, -1066.655, 0],
		[89, "PAD57", "B", 3319.37, -1066.655, 0],
		[90, "PAD58", "T", 3417.79, -1066.655, 0],
		[91, "PAD58", "B", 3417.79, -1066.655, 0],
		[92, "PAD59", "T", 3021.34, -1173.345, 0],
		[93, "PAD59", "B", 3021.34, -1173.345, 0],
		[94, "PAD60", "T", 3538.66, -1173.345, 0],
		[95, "PAD60", "B", 3538.66, -1173.345, 0],
		[96, "PAD61", "T", 1980, -916.06, 0],
		[97, "PAD61", "B", 1980, -916.06, 0],
		[98, "PAD62", "T", 1980, -723.94, 0],
		[99, "PAD62", "B", 1980, -723.94, 0],
		[100, "PAD63", "T", 2575, -622.3, 0],
		[101, "PAD64", "T", 2575, -747.7, 0],
		[102, "PAD65", "T", 3713.1, -470, 0],
		[103, "PAD66", "T", 3587.7, -470, 0],
		[104, "PAD67", "T", 4022.7, -765, 0],
		[105, "PAD68", "T", 3897.3, -765, 0],
		[106, "PAD69", "T", 4027.7, -895, 0],
		[107, "PAD70", "T", 3902.3, -895, 0],
		[108, "PAD71", "T", 3712.7, -605, 0],
		[109, "PAD72", "T", 3587.3, -605, 0],
		[110, "PAD73", "T", 3710, -737.7, 0],
		[111, "PAD74", "T", 3584.6, -737.7, 0],
		[112, "PAD75", "T", 4025.4, -1032.7, 0],
		[113, "PAD76", "T", 3900, -1032.7, 0],
		[114, "PAD77", "T", 3350, -443.54, 0],
		[115, "PAD78", "T", 3350, -486.46, 0],
		[116, "PAD79", "T", 2224.37, -710, 0],
		[117, "PAD80", "T", 2145.63, -710, 0],
		[118, "PAD81", "T", 2224.37, -580, 0],
		[119, "PAD82", "T", 2145.63, -580, 0],
		[120, "PAD83", "T", 2224.37, -840, 0],
		[121, "PAD84", "T", 2145.63, -840, 0],
		[122, "PAD85", "T", 2355, -638.307, 0],
		[123, "PAD86", "T", 2355, -651.693, 0]
	]
},
"pins": {
	"fields": ["PIN_NO", "PIN_NAME", "PIN_X", "PIN_Y", "LAYER", "PIN_TYPE", "NET_NAME", "NET_TYPE", "PAD_SHAPE", "PAD_SIZEX", "PAD_SIZEY", "HOLE_SIZE", "HOLE_LEN", "PAD_ANGLE"],
	"rows": [
		[1, "C1_1", 2575, -747.7, "T", "SMD", "GND", "GND", "R", 58.465, 68.031, 0, 0, 90],
		[2, "C1_2", 2575, -622.3, "T", "SMD", "+5V", "", "R", 58.465, 68.031, 0, 0, 90],
		[3, "C2_1", 3587.7, -470, "T", "SMD", "GND", "GND", "R", 58.465, 68.031, 0, 0, 0],
		[4, "C2_2", 3713.1, -470, "T", "SMD", "+5V", "", "R", 58.465, 68.031, 0, 0, 0],
		[5, "C3_1", 3897.3, -765, "T", "SMD", "GND", "GND", "R", 58.465, 68.031, 0, 0, 0],
		[6, "C3_2", 4022.7, -765, "T", "SMD", "+5V", "", "R", 58.465, 68.031, 0, 0, 0],
		[7, "C4_1", 3902.3, -895, "T", "SMD", "GND", "GND", "R", 58.465, 68.031, 0, 0, 0],
		[8, "C4_2", 4027.7, -895, "T", "SMD", "+5V", "", "R", 58.465, 68.031, 0, 0, 0],
		[9, "C5_1", 3587.3, -605, "T", "SMD", "GND", "GND", "R", 58.465, 68.031, 0, 0, 0],
		[10, "C5_2", 3712.7, -605, "T", "SMD", "+5V", "", "R", 58.465, 68.031, 0, 0, 0],
		[11, "C6_1", 3584.6, -737.7, "T", "SMD", "GND", "GND", "R", 58.465, 68.031, 0, 0, 0],
		[12, "C6_2", 3710, -737.7, "T", "SMD", "+5V", "", "R", 58.465, 68.031, 0, 0, 0],
		[13, "C7_1", 3900, -1032.7, "T", "SMD", "GND", "GND", "R", 58.465, 68.031, 0, 0, 0],
		[14, "C7_2", 4025.4, -1032.7, "T", "SMD", "3V3", "", "R", 58.465, 68.031, 0, 0, 0],
		[15, "C8_1", 3350, -486.46, "T", "SMD", "GND", "GND", "R", 31.106, 21.26, 0, 0, 90],
		[16, "C8_2", 3350, -443.54, "T", "SMD", "+5V", "", "R", 31.106, 21.26, 0, 0, 90],
		[17, "D1_1", 1853.74, -435, "T", "DIP", "+5V", "", "C", 70.866, 70.866, 39.37, 39.37, 360],
		[18, "D1_1", 1853.74, -435, "B", "DIP", "+5V", "", "C", 70.866, 70.866, 39.37, 39.37, 360],
		[19, "D1_2", 2196.26, -435, "T", "DIP", "VCC", "", "C", 70.866, 70.866, 39.37, 39.37, 360],
		[20, "D1_2", 2196.26, -435, "B", "DIP", "VCC", "", "C", 70.866, 70.866, 39.37, 39.37, 360],
		[21, "R1_1", 2355, -784.51, "T", "SMD", "GND", "GND", "R", 11.934, 12.756, 0, 0, 90],
		[22, "R1_2", 2355, -765.49, "T", "SMD", "$1N710", "", "R", 11.934, 12.756, 0, 0, 90],
		[23, "R2_1", 2145.63, -710, "T", "SMD", "$1N4391", "", "R", 44.588, 54.213, 0, 0, 0],
		[24, "R2_2", 2224.37, -710, "T", "SMD", "3V3", "", "R", 44.588, 54.213, 0, 0, 0],
		[25, "R3_1", 2145.63, -580, "T", "SMD", "$1N4430", "", "R", 44.588, 54.213, 0, 0, 0],
		[26, "R3_2", 2224.37, -580, "T", "SMD", "3V3", "", "R", 44.588, 54.213, 0, 0, 0],
		[27, "R4_1", 2145.63, -840, "T", "SMD", "GND", "GND", "R", 44.588, 54.213, 0, 0, 0],
		[28, "R4_2", 2224.37, -840, "T", "SMD", "$1N4500", "", "R", 44.588, 54.213, 0, 0, 0],
		[29, "R5_1", 2355, -651.693, "T", "SMD", "$1N4500", "", "R", 7.087, 8.504, 0, 0, 90],
		[30, "R5_2", 2355, -638.307, "T", "SMD", "+5V", "", "R", 7.087, 8.504, 0, 0, 90],
		[31, "U1_1", 2852.5, -868.37, "T", "SMD", "GND", "GND", "R", 13.78, 68.937, 0, 0, 0],
		[32, "U1_2", 2877.5, -868.37, "T", "SMD", "$1N1834", "", "R", 13.78, 68.937, 0, 0, 0],
		[33, "U1_3", 2902.5, -868.37, "T", "SMD", "$1N1840", "", "R", 13.78, 68.937, 0, 0, 0],
		[34, "U1_4", 2927.5, -868.37, "T", "SMD", "D2-", "", "R", 13.78, 68.937, 0, 0, 0],
		[35, "U1_5", 2952.5, -868.37, "T", "SMD", "D2+", "", "R", 13.78, 68.937, 0, 0, 0],
		[36, "U1_6", 2977.5, -868.37, "T", "SMD", "D3-", "", "R", 13.78, 68.937, 0, 0, 0],
		[37, "U1_7", 3002.5, -868.37, "T", "SMD", "D3+", "", "R", 13.78, 68.937, 0, 0, 0],
		[38, "U1_8", 3027.5, -868.37, "T", "SMD", "D4-", "", "R", 13.78, 68.937, 0, 0, 0],
		[39, "U1_9", 3052.5, -868.37, "T", "SMD", "D4+", "", "R", 13.78, 68.937, 0, 0, 0],
		[40, "U1_10", 3077.5, -868.37, "T", "SMD", "D1-", "", "R", 13.78, 68.937, 0, 0, 0],
		[41, "U1_11", 3102.5, -868.37, "T", "SMD", "D1+", "", "R", 13.78, 68.937, 0, 0, 0],
		[42, "U1_12", 3127.5, -868.37, "T", "SMD", "NET_1", "", "R", 13.78, 68.937, 0, 0, 0],
		[43, "U1_13", 3152.5, -868.37, "T", "SMD", "NET_2", "", "R", 13.78, 68.937, 0, 0, 0],
		[44, "U1_14", 3177.5, -868.37, "T", "SMD", "$1N710", "", "R", 13.78, 68.937, 0, 0, 0],
		[45, "U1_15", 3177.5, -661.63, "T", "SMD", "D-", "", "R", 13.78, 68.937, 0, 0, 0],
		[46, "U1_16", 3152.5, -661.63, "T", "SMD", "D+", "", "R", 13.78, 68.937, 0, 0, 0],
		[47, "U1_17", 3127.5, -661.63, "T", "SMD", "$1N4430", "", "R", 13.78, 68.937, 0, 0, 0],
		[48, "U1_18", 3102.5, -661.63, "T", "SMD", "$1N4500", "", "R", 13.78, 68.937, 0, 0, 0],
		[49, "U1_19", 3077.5, -661.63, "T", "SMD", "$1N4391", "", "R", 13.78, 68.937, 0, 0, 0],
		[50, "U1_20", 3052.5, -661.63, "T", "SMD", "+5V", "", "R", 13.78, 68.937, 0, 0, 0],
		[51, "U1_21", 3027.5, -661.63, "T", "SMD", "3V3", "", "R", 13.78, 68.937, 0, 0, 0],
		[52, "U1_22", 3002.5, -661.63, "T", "SMD", "NET_3", "", "R", 13.78, 68.937, 0, 0, 0],
		[53, "U1_23", 2977.5, -661.63, "T", "SMD", "NET_4", "", "R", 13.78, 68.937, 0, 0, 0],
		[54, "U1_24", 2952.5, -661.63, "T", "SMD", "NET_5", "", "R", 13.78, 68.937, 0, 0, 0],
		[55, "U1_25", 2927.5, -661.63, "T", "SMD", "NET_6", "", "R", 13.78, 68.937, 0, 0, 0],
		[56, "U1_26", 2902.5, -661.63, "T", "SMD", "3V3", "", "R", 13.78, 68.937, 0, 0, 0],
		[57, "U1_27", 2877.5, -661.63, "T", "SMD", "NET_7", "", "R", 13.78, 68.937, 0, 0, 0],
		[58, "U1_28", 2852.5, -661.63, "T", "SMD", "NET_8", "", "R", 13.78, 68.937, 0, 0, 0],
		[59, "USB1_1", 3704.015, -1291.495, "T", "SMD", "GND", "GND", "R", 21.654, 43.307, 0, 0, 0],
		[60, "USB1_2", 3735.515, -1291.495, "T", "SMD", "+5V", "", "R", 21.654, 43.307, 0, 0, 0],
		[61, "USB1_3", 3761.105, -1291.495, "T", "SMD", "NET_9", "", "R", 11.811, 43.307, 0, 0, 0],
		[62, "USB1_4", 3780.795, -1291.495, "T", "SMD", "NET_10", "", "R", 11.811, 43.307, 0, 0, 0],
		[63, "USB1_5", 3800.475, -1291.495, "T", "SMD", "D1-", "", "R", 11.811, 43.307, 0, 0, 0],
		[64, "USB1_6", 3820.155, -1291.495, "T", "SMD", "D1+", "", "R", 11.811, 43.307, 0, 0, 0],
		[65, "USB1_7", 3839.845, -1291.495, "T", "SMD", "D1-", "", "R", 11.811, 43.307, 0, 0, 0],
		[66, "USB1_8", 3859.525, -1291.495, "T", "SMD", "D1+", "", "R", 11.811, 43.307, 0, 0, 0],
		[67, "USB1_9", 3879.215, -1291.495, "T", "SMD", "NET_11", "", "R", 11.811, 43.307, 0, 0, 0],
		[68, "USB1_10", 3898.905, -1291.495, "T", "SMD", "NET_12", "", "R", 11.811, 43.307, 0, 0, 0],
		[69, "USB1_11", 3924.495, -1291.495, "T", "SMD", "+5V", "", "R", 21.654, 43.307, 0, 0, 0],
		[70, "USB1_12", 3955.985, -1291.495, "T", "SMD", "GND", "GND", "R", 21.654, 43.307, 0, 0, 0],
		[71, "USB1_13", 3659.725, -1313.145, "T", "DIP", "NET_13", "", "O", 43.307, 78.74, 23.622, 59.055, 0],
		[72, "USB1_13", 3659.725, -1313.145, "B", "DIP", "NET_13", "", "O", 43.307, 78.74, 23.622, 59.055, 0],
		[73, "USB1_13", 3659.725, -1478.505, "T", "DIP", "NET_14", "", "O", 47.244, 70.866, 23.622, 47.244, 0],
		[74, "USB1_13", 3659.725, -1478.505, "B", "DIP", "NET_14", "", "O", 47.244, 70.866, 23.622, 47.244, 0],
		[75, "USB1_14", 4000.275, -1313.145, "T", "DIP", "NET_15", "", "O", 43.307, 78.74, 23.622, 59.056, 0],
		[76, "USB1_14", 4000.275, -1313.145, "B", "DIP", "NET_15", "", "O", 43.307, 78.74, 23.622, 59.056, 0],
		[77, "USB1_14", 4000.275, -1478.505, "T", "DIP", "NET_16", "", "O", 47.244, 70.866, 23.622, 47.244, 0],
		[78, "USB1_14", 4000.275, -1478.505, "B", "DIP", "NET_16", "", "O", 47.244, 70.866, 23.622, 47.244, 0],
		[79, "USB2_1", 3080.985, -453.505, "T", "SMD", "GND", "GND", "R", 21.654, 43.307, 0, 0, 180],
		[80, "USB2_2", 3049.485, -453.505, "T", "SMD", "+5V", "", "R", 21.654, 43.307, 0, 0, 180],
		[81, "USB2_3", 3023.895, -453.505, "T", "SMD", "NET_17", "", "R", 11.811, 43.307, 0, 0, 180],
		[82, "USB2_4", 3004.205, -453.505, "T", "SMD", "NET_18", "", "R", 11.811, 43.307, 0, 0, 180],
		[83, "USB2_5", 2984.525, -453.505, "T", "SMD", "D2-", "", "R", 11.811, 43.307, 0, 0, 180],
		[84, "USB2_6", 2964.845, -453.505, "T", "SMD", "D2+", "", "R", 11.811, 43.307, 0, 0, 180],
		[85, "USB2_7", 2945.155, -453.505, "T", "SMD", "D2-", "", "R", 11.811, 43.307, 0, 0, 180],
		[86, "USB2_8", 2925.475, -453.505, "T", "SMD", "D2+", "", "R", 11.811, 43.307, 0, 0, 180],
		[87, "USB2_9", 2905.785, -453.505, "T", "SMD", "NET_19", "", "R", 11.811, 43.307, 0, 0, 180],
		[88, "USB2_10", 2886.095, -453.505, "T", "SMD", "NET_20", "", "R", 11.811, 43.307, 0, 0, 180],
		[89, "USB2_11", 2860.505, -453.505, "T", "SMD", "+5V", "", "R", 21.654, 43.307, 0, 0, 180],
		[90, "USB2_12", 2829.015, -453.505, "T", "SMD", "GND", "GND", "R", 21.654, 43.307, 0, 0, 180],
		[91, "USB2_13", 3125.275, -431.855, "T", "DIP", "NET_21", "", "O", 43.307, 78.74, 23.622, 59.055, 180],
		[92, "USB2_13", 3125.275, -431.855, "B", "DIP", "NET_21", "", "O", 43.307, 78.74, 23.622, 59.055, 180],
		[93, "USB2_13", 3125.275, -266.495, "T", "DIP", "NET_22", "", "O", 47.244, 70.866, 23.622, 47.244, 180],
		[94, "USB2_13", 3125.275, -266.495, "B", "DIP", "NET_22", "", "O", 47.244, 70.866, 23.622, 47.244, 180],
		[95, "USB2_14", 2784.725, -431.855, "T", "DIP", "NET_23", "", "O", 43.307, 78.74, 23.622, 59.056, 180],
		[96, "USB2_14", 2784.725, -431.855, "B", "DIP", "NET_23", "", "O", 43.307, 78.74, 23.622, 59.056, 180],
		[97, "USB2_14", 2784.725, -266.495, "T", "DIP", "NET_24", "", "O", 47.244, 70.866, 23.622, 47.244, 180],
		[98, "USB2_14", 2784.725, -266.495, "B", "DIP", "NET_24", "", "O", 47.244, 70.866, 23.622, 47.244, 180],
		[99, "USB3_1", 1909.015, -1291.495, "T", "SMD", "GND", "GND", "R", 21.654, 43.307, 0, 0, 0],
		[100, "USB3_2", 1940.515, -1291.495, "T", "SMD", "VCC", "", "R", 21.654, 43.307, 0, 0, 0],
		[101, "USB3_3", 1966.105, -1291.495, "T", "SMD", "NET_25", "", "R", 11.811, 43.307, 0, 0, 0],
		[102, "USB3_4", 1985.795, -1291.495, "T", "SMD", "NET_26", "", "R", 11.811, 43.307, 0, 0, 0],
		[103, "USB3_5", 2005.475, -1291.495, "T", "SMD", "D-", "", "R", 11.811, 43.307, 0, 0, 0],
		[104, "USB3_6", 2025.155, -1291.495, "T", "SMD", "D+", "", "R", 11.811, 43.307, 0, 0, 0],
		[105, "USB3_7", 2044.845, -1291.495, "T", "SMD", "D-", "", "R", 11.811, 43.307, 0, 0, 0],
		[106, "USB3_8", 2064.525, -1291.495, "T", "SMD", "D+", "", "R", 11.811, 43.307, 0, 0, 0],
		[107, "USB3_9", 2084.215, -1291.495, "T", "SMD", "NET_27", "", "R", 11.811, 43.307, 0, 0, 0],
		[108, "USB3_10", 2103.905, -1291.495, "T", "SMD", "NET_28", "", "R", 11.811, 43.307, 0, 0, 0],
		[109, "USB3_11", 2129.495, -1291.495, "T", "SMD", "VCC", "", "R", 21.654, 43.307, 0, 0, 0],
		[110, "USB3_12", 2160.985, -1291.495, "T", "SMD", "GND", "GND", "R", 21.654, 43.307, 0, 0, 0],
		[111, "USB3_13", 1864.725, -1313.145, "T", "DIP", "NET_29", "", "O", 43.307, 78.74, 23.622, 59.055, 0],
		[112, "USB3_13", 1864.725, -1313.145, "B", "DIP", "NET_29", "", "O", 43.307, 78.74, 23.622, 59.055, 0],
		[113, "USB3_13", 1864.725, -1478.505, "T", "DIP", "NET_30", "", "O", 47.244, 70.866, 23.622, 47.244, 0],
		[114, "USB3_13", 1864.725, -1478.505, "B", "DIP", "NET_30", "", "O", 47.244, 70.866, 23.622, 47.244, 0],
		[115, "USB3_14", 2205.275, -1313.145, "T", "DIP", "NET_31", "", "O", 43.307, 78.74, 23.622, 59.056, 0],
		[116, "USB3_14", 2205.275, -1313.145, "B", "DIP", "NET_31", "", "O", 43.307, 78.74, 23.622, 59.056, 0],
		[117, "USB3_14", 2205.275, -1478.505, "T", "DIP", "NET_32", "", "O", 47.244, 70.866, 23.622, 47.244, 0],
		[118, "USB3_14", 2205.275, -1478.505, "B", "DIP", "NET_32", "", "O", 47.244, 70.866, 23.622, 47.244, 0],
		[119, "USB4_1", 2447.2, -1066.655, "T", "DIP", "+5V", "", "C", 62.992, 62.992, 39.37, 39.37, 0],
		[120, "USB4_1", 2447.2, -1066.655, "B", "DIP", "+5V", "", "C", 62.992, 62.992, 39.37, 39.37, 0],
		[121, "USB4_2", 2545.63, -1066.655, "T", "DIP", "D3-", "", "C", 62.992, 62.992, 39.37, 39.37, 0],
		[122, "USB4_2", 2545.63, -1066.655, "B", "DIP", "D3-", "", "C", 62.992, 62.992, 39.37, 39.37, 0],
		[123, "USB4_3", 2624.37, -1066.655, "T", "DIP", "D3+", "", "C", 62.992, 62.992, 39.37, 39.37, 0],
		[124, "USB4_3", 2624.37, -1066.655, "B", "DIP", "D3+", "", "C", 62.992, 62.992, 39.37, 39.37, 0],
		[125, "USB4_4", 2722.79, -1066.655, "T", "DIP", "GND", "GND", "C", 62.992, 62.992, 39.37, 39.37, 0],
		[126, "USB4_4", 2722.79, -1066.655, "B", "DIP", "GND", "GND", "C", 62.992, 62.992, 39.37, 39.37, 0],
		[127, "USB4_5", 2326.34, -1173.345, "T", "DIP", "GND", "GND", "C", 129.921, 129.921, 98.426, 98.426, 0],
		[128, "USB4_5", 2326.34, -1173.345, "B", "DIP", "GND", "GND", "C", 129.921, 129.921, 98.426, 98.426, 0],
		[129, "USB4_6", 2843.66, -1173.345, "T", "DIP", "GND", "GND", "C", 129.921, 129.921, 98.426, 98.426, 0],
		[130, "USB4_6", 2843.66, -1173.345, "B", "DIP", "GND", "GND", "C", 129.921, 129.921, 98.426, 98.426, 0],
		[131, "USB5_1", 3142.2, -1066.655, "T", "DIP", "+5V", "", "C", 62.992, 62.992, 39.37, 39.37, 0],
		[132, "USB5_1", 3142.2, -1066.655, "B", "DIP", "+5V", "", "C", 62.992, 62.992, 39.37, 39.37, 0],
		[133, "USB5_2", 3240.63, -1066.655, "T", "DIP", "D4-", "", "C", 62.992, 62.992, 39.37, 39.37, 0],
		[134, "USB5_2", 3240.63, -1066.655, "B", "DIP", "D4-", "", "C", 62.992, 62.992, 39.37, 39.37, 0],
		[135, "USB5_3", 3319.37, -1066.655, "T", "DIP", "D4+", "", "C", 62.992, 62.992, 39.37, 39.37, 0],
		[136, "USB5_3", 3319.37, -1066.655, "B", "DIP", "D4+", "", "C", 62.992, 62.992, 39.37, 39.37, 0],
		[137, "USB5_4", 3417.79, -1066.655, "T", "DIP", "GND", "GND", "C", 62.992, 62.992, 39.37, 39.37, 0],
		[138, "USB5_4", 3417.79, -1066.655, "B", "DIP", "GND", "GND", "C", 62.992, 62.992, 39.37, 39.37, 0],
		[139, "USB5_5", 3021.34, -1173.345, "T", "DIP", "GND", "GND", "C", 129.921, 129.921, 98.426, 98.426, 0],
		[140, "USB5_5", 3021.34, -1173.345, "B", "DIP", "GND", "GND", "C", 129.921, 129.921, 98.426, 98.426, 0],
		[141, "USB5_6", 3538.66, -1173.345, "T", "DIP", "GND", "GND", "C", 129.921, 129.921, 98.426, 98.426, 0],
		[142, "USB5_6", 3538.66, -1173.345, "B", "DIP", "GND", "GND", "C", 129.921, 129.921, 98.426, 98.426, 0],
		[143, "X1_1", 1980, -723.94, "T", "DIP", "$1N1840", "", "C", 61.417, 61.417, 35.434, 35.434, 270],
		[144, "X1_1", 1980, -723.94, "B", "DIP", "$1N1840", "", "C", 61.417, 61.417, 35.434, 35.434, 270],
		[145, "X1_2", 1980, -916.06, "T", "DIP", "$1N1834", "", "C", 61.417, 61.417, 35.434, 35.434, 270],
		[146, "X1_2", 1980, -916.06, "B", "DIP", "$1N1834", "", "C", 61.417, 61.417, 35.434, 35.434, 270],
		[147, "PAD1_2", 2355, -765.49, "T", "SMD", "$1N710", "", "R", 11.934, 12.756, 0, 0, 90],
		[148, "PAD2_1", 2355, -784.51, "T", "SMD", "GND", "GND", "R", 11.934, 12.756, 0, 0, 90],
		[149, "PAD3_26", 2902.5, -661.63, "T", "SMD", "3V3", "", "R", 13.78, 68.937, 0, 0, 0],
		[150, "PAD4_21", 3027.5, -661.63, "T", "SMD", "3V3", "", "R", 13.78, 68.937, 0, 0, 0],
		[151, "PAD5_20", 3052.5, -661.63, "T", "SMD", "+5V", "", "R", 13.78, 68.937, 0, 0, 0],
		[152, "PAD6_19", 3077.5, -661.63, "T", "SMD", "$1N4391", "", "R", 13.78, 68.937, 0, 0, 0],
		[153, "PAD7_18", 3102.5, -661.63, "T", "SMD", "$1N4500", "", "R", 13.78, 68.937, 0, 0, 0],
		[154, "PAD8_17", 3127.5, -661.63, "T", "SMD", "$1N4430", "", "R", 13.78, 68.937, 0, 0, 0],
		[155, "PAD9_16", 3152.5, -661.63, "T", "SMD", "D+", "", "R", 13.78, 68.937, 0, 0, 0],
		[156, "PAD10_15", 3177.5, -661.63, "T", "SMD", "D-", "", "R", 13.78, 68.937, 0, 0, 0],
		[157, "PAD11_14", 3177.5, -868.37, "T", "SMD", "$1N710", "", "R", 13.78, 68.937, 0, 0, 0],
		[158, "PAD12_11", 3102.5, -868.37, "T", "SMD", "D1+", "", "R", 13.78, 68.937, 0, 0, 0],
		[159, "PAD13_10", 3077.5, -868.37, "T", "SMD", "D1-", "", "R", 13.78, 68.937, 0, 0, 0],
		[160, "PAD14_9", 3052.5, -868.37, "T", "SMD", "D4+", "", "R", 13.78, 68.937, 0, 0, 0],
		[161, "PAD15_8", 3027.5, -868.37, "T", "SMD", "D4-", "", "R", 13.78, 68.937, 0, 0, 0],
		[162, "PAD16_7", 3002.5, -868.37, "T", "SMD", "D3+", "", "R", 13.78, 68.937, 0, 0, 0],
		[163, "PAD17_6", 2977.5, -868.37, "T", "SMD", "D3-", "", "R", 13.78, 68.937, 0, 0, 0],
		[164, "PAD18_5", 2952.5, -868.37, "T", "SMD", "D2+", "", "R", 13.78, 68.937, 0, 0, 0],
		[165, "PAD19_4", 2927.5, -868.37, "T", "SMD", "D2-", "", "R", 13.78, 68.937, 0, 0, 0],
		[166, "PAD20_3", 2902.5, -868.37, "T", "SMD", "$1N1840", "", "R", 13.78, 68.937, 0, 0, 0],
		[167, "PAD21_2", 2877.5, -868.37, "T", "SMD", "$1N1834", "", "R", 13.78, 68.937, 0, 0, 0],
		[168, "PAD22_1", 2852.5, -868.37, "T", "SMD", "GND", "GND", "R", 13.78, 68.937, 0, 0, 0],
		[169, "PAD23_1", 1853.74, -435, "T", "DIP", "+5V", "", "C", 70.866, 70.866, 39.37, 39.37, 360],
		[170, "PAD23_1", 1853.74, -435, "B", "DIP", "+5V", "", "C", 70.866, 70.866, 39.37, 39.37, 360],
		[171, "PAD24_2", 2196.26, -435, "T", "DIP", "VCC", "", "C", 70.866, 70.866, 39.37, 39.37, 360],
		[172, "PAD24_2", 2196.26, -435, "B", "DIP", "VCC", "", "C", 70.866, 70.866, 39.37, 39.37, 360],
		[173, "PAD25_1", 3704.015, -1291.495, "T", "SMD", "GND", "GND", "R", 21.654, 43.307, 0, 0, 0],
		[174, "PAD26_2", 3735.515, -1291.495, "T", "SMD", "+5V", "", "R", 21.654, 43.307, 0, 0, 0],
		[175, "PAD27_5", 3800.475, -1291.495, "T", "SMD", "D1-", "", "R", 11.811, 43.307, 0, 0, 0],
		[176, "PAD28_6", 3820.155, -1291.495, "T", "SMD", "D1+", "", "R", 11.811, 43.307, 0, 0, 0],
		[177, "PAD29_7", 3839.845, -1291.495, "T", "SMD", "D1-", "", "R", 11.811, 43.307, 0, 0, 0],
		[178, "PAD30_8", 3859.525, -1291.495, "T", "SMD", "D1+", "", "R", 11.811, 43.307, 0, 0, 0],
		[179, "PAD31_11", 3924.495, -1291.495, "T", "SMD", "+5V", "", "R", 21.654, 43.307, 0, 0, 0],
		[180, "PAD32_12", 3955.985, -1291.495, "T", "SMD", "GND", "GND", "R", 21.654, 43.307, 0, 0, 0],
		[181, "PAD33_1", 3080.985, -453.505, "T", "SMD", "GND", "GND", "R", 21.654, 43.307, 0, 0, 180],
		[182, "PAD34_2", 3049.485, -453.505, "T", "SMD", "+5V", "", "R", 21.654, 43.307, 0, 0, 180],
		[183, "PAD35_5", 2984.525, -453.505, "T", "SMD", "D2-", "", "R", 11.811, 43.307, 0, 0, 180],
		[184, "PAD36_6", 2964.845, -453.505, "T", "SMD", "D2+", "", "R", 11.811, 43.307, 0, 0, 180],
		[185, "PAD37_7", 2945.155, -453.505, "T", "SMD", "D2-", "", "R", 11.811, 43.307, 0, 0, 180],
		[186, "PAD38_8", 2925.475, -453.505, "T", "SMD", "D2+", "", "R", 11.811, 43.307, 0, 0, 180],
		[187, "PAD39_11", 2860.505, -453.505, "T", "SMD", "+5V", "", "R", 21.654, 43.307, 0, 0, 180],
		[188, "PAD40_12", 2829.015, -453.505, "T", "SMD", "GND", "GND", "R", 21.654, 43.307, 0, 0, 180],
		[189, "PAD41_1", 1909.015, -1291.495, "T", "SMD", "GND", "GND", "R", 21.654, 43.307, 0, 0, 0],
		[190, "PAD42_2", 1940.515, -1291.495, "T", "SMD", "VCC", "", "R", 21.654, 43.307, 0, 0, 0],
		[191, "PAD43_5", 2005.475, -1291.495, "T", "SMD", "D-", "", "R", 11.811, 43.307, 0, 0, 0],
		[192, "PAD44_6", 2025.155, -1291.495, "T", "SMD", "D+", "", "R", 11.811, 43.307, 0, 0, 0],
		[193, "PAD45_7", 2044.845, -1291.495, "T", "SMD", "D-", "", "R", 11.811, 43.307, 0, 0, 0],
		[194, "PAD46_8", 2064.525, -1291.495, "T", "SMD", "D+", "", "R", 11.811, 43.307, 0, 0, 0],
		[195, "PAD47_11", 2129.495, -1291.495, "T", "SMD", "VCC", "", "R", 21.654, 43.307, 0, 0, 0],
		[196, "PAD48_12", 2160.985, -1291.495, "T", "SMD", "GND", "GND", "R", 21.654, 43.307, 0, 0, 0],
		[197, "PAD49_1", 2447.2, -1066.655, "T", "DIP", "+5V", "", "C", 62.992, 62.992, 39.37, 39.37, 0],
		[198, "PAD49_1", 2447.2, -1066.655, "B", "DIP", "+5V", "", "C", 62.992, 62.992, 39.37, 39.37, 0],
		[199, "PAD50_2", 2545.63, -1066.655, "T", "DIP", "D3-", "", "C", 62.992, 62.992, 39.37, 39.37, 0],
		[200, "PAD50_2", 2545.63, -1066.655, "B", "DIP", "D3-", "", "C", 62.992, 62.992, 39.37, 39.37, 0],
		[201, "PAD51_3", 2624.37, -1066.655, "T", "DIP", "D3+", "", "C", 62.992, 62.992, 39.37, 39.37, 0],
		[202, "PAD51_3", 2624.37, -1066.655, "B", "DIP", "D3+", "", "C", 62.992, 62.992, 39.37, 39.37, 0],
		[203, "PAD52_4", 2722.79, -1066.655, "T", "DIP", "GND", "GND", "C", 62.992, 62.992, 39.37, 39.37, 0],
		[204, "PAD52_4", 2722.79, -1066.655, "B", "DIP", "GND", "GND", "C", 62.992, 62.992, 39.37, 39.37, 0],
		[205, "PAD53_5", 2326.34, -1173.345, "T", "DIP", "GND", "GND", "C", 129.921, 129.921, 98.426, 98.426, 0],
		[206, "PAD53_5", 2326.34, -1173.345, "B", "DIP", "GND", "GND", "C", 129.921, 129.921, 98.426, 98.426, 0],
		[207, "PAD54_6", 2843.66, -1173.345, "T", "DIP", "GND", "GND", "C", 129.921, 129.921, 98.426, 98.426, 0],
		[208, "PAD54_6", 2843.66, -1173.345, "B", "DIP", "GND", "GND", "C", 129.921, 129.921, 98.426, 98.426, 0],
		[209, "PAD55_1", 3142.2, -1066.655, "T", "DIP", "+5V", "", "C", 62.992, 62.992, 39.37, 39.37, 0],
		[210, "PAD55_1", 3142.2, -1066.655, "B", "DIP", "+5V", "", "C", 62.992, 62.992, 39.37, 39.37, 0],
		[211, "PAD56_2", 3240.63, -1066.655, "T", "DIP", "D4-", "", "C", 62.992, 62.992, 39.37, 39.37, 0],
		[212, "PAD56_2", 3240.63, -1066.655, "B", "DIP", "D4-", "", "C", 62.992, 62.992, 39.37, 39.37, 0],
		[213, "PAD57_3", 3319.37, -1066.655, "T", "DIP", "D4+", "", "C", 62.992, 62.992, 39.37, 39.37, 0],
		[214, "PAD57_3", 3319.37, -1066.655, "B", "DIP", "D4+", "", "C", 62.992, 62.992, 39.37, 39.37, 0],
		[215, "PAD58_4", 3417.79, -1066.655, "T", "DIP", "GND", "GND", "C", 62.992, 62.992, 39.37, 39.37, 0],
		[216, "PAD58_4", 3417.79, -1066.655, "B", "DIP", "GND", "GND", "C", 62.992, 62.992, 39.37, 39.37, 0],
		[217, "PAD59_5", 3021.34, -1173.345, "T", "DIP", "GND", "GND", "C", 129.921, 129.921, 98.426, 98.426, 0],
		[218, "PAD59_5", 3021.34, -1173.345, "B", "DIP", "GND", "GND", "C", 129.921, 129.921, 98.426, 98.426, 0],
		[219, "PAD60_6", 3538.66, -1173.345, "T", "DIP", "GND", "GND", "C", 129.921, 129.921, 98.426, 98.426, 0],
		[220, "PAD60_6", 3538.66, -1173.345, "B", "DIP", "GND", "GND", "C", 129.921, 129.921, 98.426, 98.426, 0],
		[221, "PAD61_2", 1980, -916.06, "T", "DIP", "$1N1834", "", "C", 61.417, 61.417, 35.434, 35.434, 270],
		[222, "PAD61_2", 1980, -916.06, "B", "DIP", "$1N1834", "", "C", 61.417, 61.417, 35.434, 35.434, 270],
		[223, "PAD62_1", 1980, -723.94, "T", "DIP", "$1N1840", "", "C", 61.417, 61.417, 35.434, 35.434, 270],
		[224, "PAD62_1", 1980, -723.94, "B", "DIP", "$1N1840", "", "C", 61.417, 61.417, 35.434, 35.434, 270],
		[225, "PAD63_2", 2575, -622.3, "T", "SMD", "+5V", "", "R", 58.465, 68.031, 0, 0, 90],
		[226, "PAD64_1", 2575, -747.7, "T", "SMD", "GND", "GND", "R", 58.465, 68.031, 0, 0, 90],
		[227, "PAD65_2", 3713.1, -470, "T", "SMD", "+5V", "", "R", 58.465, 68.031, 0, 0, 0],
		[228, "PAD66_1", 3587.7, -470, "T", "SMD", "GND", "GND", "R", 58.465, 68.031, 0, 0, 0],
		[229, "PAD67_2", 4022.7, -765, "T", "SMD", "+5V", "", "R", 58.465, 68.031, 0, 0, 0],
		[230, "PAD68_1", 3897.3, -765, "T", "SMD", "GND", "GND", "R", 58.465, 68.031, 0, 0, 0],
		[231, "PAD69_2", 4027.7, -895, "T", "SMD", "+5V", "", "R", 58.465, 68.031, 0, 0, 0],
		[232, "PAD70_1", 3902.3, -895, "T", "SMD", "GND", "GND", "R", 58.465, 68.031, 0, 0, 0],
		[233, "PAD71_2", 3712.7, -605, "T", "SMD", "+5V", "", "R", 58.465, 68.031, 0, 0, 0],
		[234, "PAD72_1", 3587.3, -605, "T", "SMD", "GND", "GND", "R", 58.465, 68.031, 0, 0, 0],
		[235, "PAD73_2", 3710, -737.7, "T", "SMD", "+5V", "", "R", 58.465, 68.031, 0, 0, 0],
		[236, "PAD74_1", 3584.6, -737.7, "T", "SMD", "GND", "GND", "R", 58.465, 68.031, 0, 0, 0],
		[237, "PAD75_2", 4025.4, -1032.7, "T", "SMD", "3V3", "", "R", 58.465, 68.031, 0, 0, 0],
		[238, "PAD76_1", 3900, -1032.7, "T", "SMD", "GND", "GND", "R", 58.465, 68.031, 0, 0, 0],
		[239, "PAD77_2", 3350, -443.54, "T", "SMD", "+5V", "", "R", 31.106, 21.26, 0, 0, 90],
		[240, "PAD78_1", 3350, -486.46, "T", "SMD", "GND", "GND", "R", 31.106, 21.26, 0, 0, 90],
		[241, "PAD79_2", 2224.37, -710, "T", "SMD", "3V3", "", "R", 44.588, 54.213, 0, 0, 0],
		[242, "PAD80_1", 2145.63, -710, "T", "SMD", "$1N4391", "", "R", 44.588, 54.213, 0, 0, 0],
		[243, "PAD81_2", 2224.37, -580, "T", "SMD", "3V3", "", "R", 44.588, 54.213, 0, 0, 0],
		[244, "PAD82_1", 2145.63, -580, "T", "SMD", "$1N4430", "", "R", 44.588, 54.213, 0, 0, 0],
		[245, "PAD83_2", 2224.37, -840, "T", "SMD", "$1N4500", "", "R", 44.588, 54.213, 0, 0, 0],
		[246, "PAD84_1", 2145.63, -840, "T", "SMD", "GND", "GND", "R", 44.588, 54.213, 0, 0, 0],
		[247, "PAD85_2", 2355, -638.307, "T", "SMD", "+5V", "", "R", 7.087, 8.504, 0, 0, 90],
		[248, "PAD86_1", 2355, -651.693, "T", "SMD", "$1N4500", "", "R", 7.087, 8.504, 0, 0, 90]
	]
}
}